{
    "pools": [
        {
            "rolls": 1,
            "entries": [
                {
                    "type": "item",
                    "name": "minecraft:lily_pad",
                    "weight": 50
                },
                {
                    "type": "item",
                    "name": "minecraft:name_tag",
                    "weight": 3
                },
                {
                    "type": "item",
                    "name": "minecraft:saddle",
                    "weight": 4
                },
                {
                    "type": "item",
                    "name": "minecraft:bow",
                    "weight": 1,
                    "functions": [
                        {
                            "function": "set_damage",
                            "damage": {
                                "min": 0,
                                "max": 0.25
                            }
                        }
                    ]
                },
                {
                    "type": "item",
                    "name": "minecraft:fishing_rod",
                    "weight": 1,
                    "functions": [
                        {
                            "function": "set_damage",
                            "damage": {
                                "min": 0,
                                "max": 0.25
                            }
                        }
                    ]
                }
            ]
        }
    ]
}
